1,sohel,123
2,tejas,1234
3,shoheb,12345
4,yash,1212
1,sohel,123
2,tejas,1234
3,shoheb,12345
4,yash,1212
1,sohel,123
2,tejas,1234
3,shoheb,12345
4,yash,1212
1,sohel,123
2,tejas,1234
3,shoheb,12345
4,yash,1212
1,sohel,123
2,tejas,1234
3,shoheb,12345
4,yash,1212
1,sohel,123
2,tejas,1234
3,shoheb,12345
4,yash,1212
1,sohel,123
2,tejas,1234
3,shoheb,12345
4,yash,1212
1,sohel,123
2,tejas,1234
3,shoheb,12345
4,yash,1212
1,sohel,123
2,tejas,1234
3,shoheb,12345
4,yash,1212
1,sohel,123
2,tejas,1234
3,shoheb,12345
4,yash,1212